<?xml version="1.0" encoding="UTF-8"?>
<beans xmlns="http://www.springframework.org/schema/beans"
       xmlns:xsi="http://www.w3.org/2001/XMLSchema-instance"
       xmlns:context="http://www.springframework.org/schema/context"
       xmlns:mvc="http://www.springframework.org/schema/mvc"
       xmlns:aop="http://www.springframework.org/schema/aop"
       xsi:schemaLocation="http://www.springframework.org/schema/beans
                           http://www.springframework.org/schema/beans/spring-beans.xsd
                           http://www.springframework.org/schema/context
                           http://www.springframework.org/schema/context/spring-context.xsd
                           http://www.springframework.org/schema/mvc
                           http://www.springframework.org/schema/mvc/spring-mvc.xsd
                           http://www.springframework.org/schema/aop
                           http://www.springframework.org/schema/aop/spring-aop.xsd">

    <!-- Add AspectJ autoproxy support for AOP -->
    <aop:aspectj-autoproxy />
    
      
  <bean id="multipartResolver" class="org.springframework.web.multipart.commons.CommonsMultipartResolver">
     <property name="maxUploadSize" value="268435456"/>
 </bean>

    <!-- Add support for component scanning -->
    <context:component-scan base-package="com.hungta.*" />

    <mvc:annotation-driven/>

    <!-- Import the configuration file -->
    <bean id="propertyConfigurer"
          class="org.springframework.beans.factory.config.PropertyPlaceholderConfigurer">
        <property name="location" value="classpath:application.properties"/>
    </bean>

    <!--datasource-->
    <bean id="dataSource" class="org.springframework.jdbc.datasource.DriverManagerDataSource">

        <property name="driverClassName" value="${driver}"/>
        <property name="url" value="${url}"/>
        <property name="username" value="${username}"/>
        <property name="password" value="${password}"/>
    </bean>


    <bean id="sqlSessionFactory" class="org.mybatis.spring.SqlSessionFactoryBean">

        <property name="dataSource" ref="dataSource"/>
        <property name="configLocation" value="WEB-INF/spring/mybatis-conf.xml"/>
        <property name="mapperLocations" value="classpath*:com/hungta/dao/mapper/*Mapper.xml"/>
        <property name="typeAliasesPackage" value="com.hungta.entity"></property>
    </bean>


    <bean class="org.mybatis.spring.mapper.MapperScannerConfigurer">
        <property name="sqlSessionFactoryBeanName" value="sqlSessionFactory"/>
        <property name="basePackage" value="com.hungta.dao; com.hungta.entity"/>
    </bean>

    <bean id="transactionManager" class="org.springframework.jdbc.datasource.DataSourceTransactionManager">
        <property name="dataSource" ref="dataSource"/>
    </bean>

</beans>